id;status;level;trainer;active_from;activeto
1;excitedly;duration;ah heel;2023-12-31T18:42:52;2023-12-31T19:32:22
2;waggle;supposing zowie actually;how reassuringly;2023-12-31T13:19:29;2023-12-31T18:04:32
3;because another beside;warmly masonry;behind centre rebellion;2024-01-01T02:53:19;2023-12-31T11:44:43
4;gadzooks soulful;caviar;notwithstanding;2024-01-01T00:57:35;2023-12-31T20:25:53
5;mellow once;gosh;nor veneer;2023-12-31T22:44:39;2023-12-31T16:49:27
6;than for princess;zowie yippee;zowie snoopy geography;2023-12-31T23:50:15;2023-12-31T12:59:30
7;peaceful over punctually;before how why;whereas;2023-12-31T07:36:31;2023-12-31T17:57:40
8;disinvest endpoint;dinghy forenenst opposite;microchip gargantuan politely;2024-01-01T02:19:15;2023-12-31T17:19:23
9;irritably shrilly;often whoever general;mmm lovingly;2023-12-31T20:09:47;2024-01-01T00:16:32
10;armrest;leader thirsty mmm;trial acidly quarrelsomely;2023-12-31T16:41:02;2024-01-01T00:03:14
